keywords1, keywords2, keywords3, keywords4, keywords5, keywords6, keywords7, keywords8, keywords9, keywords10, keywords11, keywords12, keywords13
zephyr,power management,rtos,embedded systems,iot,,,,,,,,
front end,react,polaris,shopify,e-commerce,web development,,,,,,,
react,re dux,mongodb,nodejs,expressjs,web development,,,,,,,
bootstrap,html,css,javascript,responsive web design,front -end framework,mobile -first design,,,,,,
testing,test management system,testing tool,test link,,,,,,,,,
web development,mern stack,full-stack applications,role based user access control,,,,,,,,,
wordpress,joomla,drupal,web publishing system,web development,website,,,,,,,
machine learning,supervised learning,data science,visualization,and automated models,,,,,,,,
raspberry pi,pwa,flask,petfeeder,iot,service worker,,,,,,,
web components,vaadin,polymer,pwa,javascript,testing,,,,,,,
web component,dom,shadow dom,html template,custom element,litelement,heroku,,,,,,
internet,peer -to-peer networks,tcp/ip,cloud services,ipv6,software defined networks,,,,,,,
course review,student assessment,job seeking,cv creation,cv review,student profile,student clubs,,,,,,
october cms,cms,laravel framework,cms platform,,,,,,,,,
home assistant raspberry pi 3 sensors rela y rpi camera buzzer,,,,,,,,,,,,
biometrics,multi -biometrics,identification,biometric templates,security protocols,template protection schemes,,,,,,,
progressive web application,workbox,service worker,app manifest,push notification,htpps,,,,,,,
front -end web development,web development,web framework,web library,web platform,,,,,,,,
raspberry pi,internet of things,microcontrollers,edge computing,bluetooth,,,,,,,,
open source,medical imaging,positron emission tomography,diagnostic radiology,software evaluation,data analysis,software testing,,,,,,
machine vision,neuroscience,drug discovery,microscopy,python,opencv,ai,edge detection,image segmentation,,,,
scan,scanner,3d,point clouds,welding,mesh,model,engineering,robotics,,,,
data preprocessing,log management,elastic stack,,,,,,,,,,
digital communication,project management,slack,slackbot,chatbots,bots,automation,development,deployment,,,,
deep learning,auto matic classification,vgg16,generative adversarial networks,chest radiographs,medical image,cardiomegaly,enlarged hear t,,,,,
social,mental,physical,gaming,internet gaming disorder,,,,,,,,
computer vision,led panel,automation,opencv,,,,,,,,,
kickstart,centos,hardening,kvm,openscap,usgcb,,,,,,,
iot,devices visibility,ble,protocol,silentdefense,cisco meraki,aruba,python,lua,,,,
games,gamification,education,case study,kodu,interviews,microsoft,microsoft finland,,,,,
single -page application,cloud computing,serverless,authentication,angular,mongodb,,,,,,,
e-commerce website,responsive web application,react,shopping cart,online store,json,netlify,,,,,,
network,wireless,cisco,implementation,,,,,,,,,
merger,success,data migration,erp,legacy software,,,,,,,,
rfid mfrc522,raspberry pi 4,lcd i2c model 16x2,raspbian,linux,,,,,,,,
unity,word embedding,cosine similarity,glove algorithm,fuzzy logic,,,,,,,,
risc -v,vhdl,software simulations,instruction set architecture,fpga,prng,,,,,,,
video -games,procedural modelling,procedural generation,architectural environment,houdini,unity,3ds max,esri,cityengine,ghost town,virdi,,
virtual reality,hand -tracking,co ntrollers,oculus quest,,,,,,,,,
web apps,web,native apps,hybrid app,service workers,app shell,cache api,device integration and notification api,,,,,
html,css,javascript,web components,custom elements,dom,shadow dom,html template,vanilla javascript,react js,github,github pages,microfrontend
animation,physics,simulation,bullet physics,cad,,,,,,,,
cms,library,management system,database,,,,,,,,,
progressive,web applications,fetching,caching,service worker,push -notifications,media api,,,,,,
gambling games,game design,user experience,flow,,,,,,,,,
reactjs,components,redux,jsx,javascript,front -end,virtual domhtml,,,,,,
library management system,project planning,quality management,php,web -based application,,,,,,,,
evolved packet core,mobility management entity,nist standards,itu standards,,,,,,,,,
webassembly,malware,cryptomining,rust,c /c++,javascript,keylogger,performance,portability,risks,,,
react,redux,mongodb,node.js,express.js,,,,,,,,
front -end testing,javascript,css,testing tools,continuous integration,software quality assurance,,,,,,,
software engineering,application design,database,blind box,business innovation,,,,,,,,
front-end development,web development,react,front-end testing,,,,,,,,,
microservices,rest api,virtual machine,asiakastieto,,,,,,,,,
website development,html5,css3,javascript,web design,ux design,ui design,,,,,,
emg,imu,gesture recognit ion,myo armband,ble,home assistant,mqtt,,,,,,
data -driven,services,feedback loop,,,,,,,,,,
iot,embedded,cloud,cybersecurity,,,,,,,,,
profiler,performance,c#,.net framework,software development,,,,,,,,
cloud services,cloud security attacks,cloud security measures,cloud security prevention,,,,,,,,,
public sector,procurement,software,sales,process,consulting,,,,,,,
user experience,speech recognition,serious games,ai,artificial intelligence,ibm watson,,,,,,,
natural language processing,computer vision,machine learning,model,react native,python,flask,,,,,,
extract,transform,load,scripting,integration system,data integration,etl,data warehouse,,,,,
gamification,serious game s,game elements,player psychology,mockup,,,,,,,,
react,react js,redux,state,props,life cycle,actions,reducers,stores,app,web application,,
machine learning,marketing,digital marketing,artificial intelligence,,,,,,,,,
websocket,opus,audio codec,bit rate,protocol,requests,encode,decode,,,,,
cloud computing,cloud se curity,cryptography,cloud,cloud service provider,cryptography,,,,,,,
tcp/ip,network,implementation,design,reliability,scalability,topology,,,,,,
continuous integration,continuous delivery,test automation,test driven development,build automation,unity,game development,,,,,,
visual scripting language,visual p rogramming,unity,playmaker,unreal engine,blueprints,user experience,user story,,,,,
property management automation,artificial intelligence,machine learning,analytics,iot,software-as-a-service,,,,,,,
web development,software development,javascript,react,node,agile,,,,,,,
docker,containerization,wordpress,software,engineering,container image s,,,,,,,
progressive web application,multiplatform,app manifest,service worker,app shell model,push notifications,https,,,,,,
data visualization,dashboard,business intelligence,power bi,google analytics,,,,,,,,
continuous integration,continuous development,continuous deployment,docker,gitlab,react,nodejs,fly.io,cypress,jest,eslint,,
block -based programming,blockly,iot,software development,visual programming,,,,,,,,
support,process,deployment,zoho,,,,,,,,,
virtual reality,vr,control input,heuristic evaluation,vr training,simulation,,,,,,,
website development,performance improvements,templates,cms,front-end,,,,,,,,
user experience,virtual reality,digital games,cost-benefit analysis,,,,,,,,,
e-voting,i-voting,election,voter turnout,verification,authentication,,,,,,,
mongodb indexing,nosql,mongodb performance,,,,,,,,,,
iot device,machine learning,embedded system,nltp,text processing,basic concept of modern computing,,,,,,,
web application,react,google firebase,graph,visualize,sum mary table,data,,,,,,
game,software architecture,c#,unity,design pattern,event -driven programming,data -driven programming,,,,,,
cloud computing,google cloud platform,server,virtual machine,installation,configuration,,,,,,,
sentiment analysis,machine learning,climate change,twitter,,,,,,,,,
microcomputers,interactive audio,generative music,environmental sensors,prototype,start -up,,,,,,,
cyber security,a wareness training,information and communications technology,information security management,thefirma,,,,,,,,
inventory,business intelligence,sms message,computer engineering,automated application,,,,,,,,
ai,robot,ethics,human intelligence,,,,,,,,,
