Keyword 1,Keyword 2,Keyword 3,Keyword 4,Keyword 5,Keyword 6,Keyword 7,Keyword 8,Keyword 9,Keyword 10,Keyword 11,Keyword 12,Keyword 13,Keyword 14,Keyword 15,Keyword 16,Keyword 17,Keyword 18,Keyword 19,Keyword 20
testaus,automaatio,verkkopalvelu,,,,,,,,,,,,,,,,,
ohjelmistokehitys,ohjelmistotuotanto,verkko sovellus,node.js,vue.js,,,,,,,,,,,,,,,
it-tuki,service desk,ratkaisutietokanta,,,,,,,,,,,,,,,,,
interaktiivinen tarinankerronta ,opetuspeli,pelisuunnittelu,,,,,,,,,,,,,,,,,
python,spektroskopia,matplotlib,infrapuna,nir,lähi-infrapuna,,,,,,,,,,,,,,
pelaaminen,psyykkiset vaikutukset,stressireaktio,tutkimus,gsr,,,,,,,,,,,,,,,
käytettävyys,käytettävyys tutkimus ,lääkinnällinen laite,haavanhoito,,,,,,,,,,,,,,,,
käytettävyys,käyttöliittymäsuunnittelu ,käytettävyystestaus,,,,,,,,,,,,,,,,,
suoratoistaminen,suoratoistopalvelut,teknologia,ammatti,ilmiö,,,,,,,,,,,,,,,
palvelin,klusteri,raspberry pi,docker swarm,,,,,,,,,,,,,,,,
ohjelmistokehys,sovelluskehitys ,verkkokauppa,www,javascript,,,,,,,,,,,,,,,
terveysteknologia,ihon sähkönjohtavuus,moodmetric,empatica,,,,,,,,,,,,,,,,
uhkien metsästys,tietoturva,uhka,riski,kyberturvallisuus,,,,,,,,,,,,,,,
ohjelmointi,projekti,päiväkirja,tietokanta,tietoturva,,,,,,,,,,,,,,,
,,,,,,,,,,,,,,,,,,,
automaatio,esineiden internet,navigointi,lautat ,visualisointi,,,,,,,,,,,,,,,
intranet,python,django,verkkosuunnittelu,verkko-ohjelmointi,avoin lähdekoodi,,,,,,,,,,,,,,
turvaluokitus,turvaluokiteltu,traficom,katakri ,windows,,,,,,,,,,,,,,,
tietoturva,internet ,tietotekniikka,tietosuoja,,,,,,,,,,,,,,,,
toiminnanohjausjärjestelmä,tiedonhaku,monitorointi,projekti,leimauspääte,yksinkertaisuus,,,,,,,,,,,,,,
rajapinta,withings,api,node-red,react ,laitteistokehitys,,,,,,,,,,,,,,
tietoturva,www-kehitys,sql,xss,rce,php,html,,,,,,,,,,,,,
active directory,käyttäjähallinta,microsoft azure,hybrid active directory,,,,,,,,,,,,,,,,
käyttöliittymä,mobiilikäyttöliittymä,käytettävyys,käyttöliittymäsuunnittelu,,,,,,,,,,,,,,,,
3gpp,epc,5g,matkaviestinverkot,ydinverkko,mobiililaajakaista,päiväkirjaopinnäytetyö,,,,,,,,,,,,,
haittaohjelmat,koneoppiminen,kyberturvallisuus,kyberrikollisuus ,neuroverkot ,syväoppiminen,tekoäly,tietoturva ,verkkohyökkäykset,,,,,,,,,,,
toiminnanohjausjärjestelmä,tiedonhaku,monitorointi,projekti,leimauspääte,yksinkertaisuus,,,,,,,,,,,,,,
ballistokardiografia,bkg-signaali,sänkysensori,mittaus,,,,,,,,,,,,,,,,
lähiverkko,dokumentointi,tietoverkko,,,,,,,,,,,,,,,,,
sulautettu linux,etäpäivitys ,iot,,,,,,,,,,,,,,,,,
tietoturva,security onion,ids,nids,verkon monitorointi,,,,,,,,,,,,,,,
active directory ,auditointi,it-infrastruktuuri,,,,,,,,,,,,,,,,,
pilvipalvelut,tuotekehitys,ohjelmistokehitys,pilvinatiivi,,,,,,,,,,,,,,,,
käytettävyys,kognitiivinen ergonomia,käytettävyyden heuristiikat,vaatimusmäärittely,vaatimus,käyttäjälähtöinen suunnittelu,,,,,,,,,,,,,,
lorawan,esineiden internet ,esp32,kaasun mittaus,,,,,,,,,,,,,,,,
,,,,,,,,,,,,,,,,,,,
5g,kentänvoimakkuus,mobiiliverkko,taajuus,vaimennus,,,,,,,,,,,,,,,
autonomiset järjestelmät,etäohjaus,sound reception system,merenkulkuala,,,,,,,,,,,,,,,,
sosiaalinen kuntoutus,ryhmäkuntoutus,käyttäjäkokemus,sähköiset palvelut,,,,,,,,,,,,,,,,
mongodb,java,groovy ,differentiointi,,,,,,,,,,,,,,,,
projekti ,projektinhallinta,projektityö ,dokumentointi,ohjelmistot,,,,,,,,,,,,,,,
tietoturva,salasananhallinta,laps,active directory,,,,,,,,,,,,,,,,
internet,palvelutasosopimus ,vikasietoisuus,,,,,,,,,,,,,,,,,
tietoturva,tietomurto,tietojenkalastelu,internet,,,,,,,,,,,,,,,,
käytettävyys,saavutettavuus,mongodb,node.js,,,,,,,,,,,,,,,,
iot,iiot,ohjelmistokehitys,elektroniikka,mekaniikka,tuotanto,,,,,,,,,,,,,,
tuotekehitys,laadunhallinta,standardointi,,,,,,,,,,,,,,,,,
ohjelmistotestaaminen,ohjelmistotestaamisen tasot,ohjelmistotestauksen automatisointi,gitlab,jatkuva integraatio,jatkuva julkaisu,,,,,,,,,,,,,,
sdn,tietoverkot,virtualisointi,,,,,,,,,,,,,,,,,
active directory ,azure ,microsoft office,outlook,sähköposti,,,,,,,,,,,,,,,
hakkerointi,opiskelu,tietoturva,,,,,,,,,,,,,,,,,
hakkerointi,opiskelu,tietoturva,,,,,,,,,,,,,,,,,
tietojenkäsittely,päiväkirja,projektinhallinta,projekti,palvelu ,konsultti,,,,,,,,,,,,,,
gdpr,tietoturva,yrittäjyys,auditointi,,,,,,,,,,,,,,,,
rajapinta,api,esineiden internet,iot,python,,,,,,,,,,,,,,,
saavutettavuus,saavutettavuusdirektiivi,terveydenhuolto,sähköinen asiointi,verkkopalvelu,,,,,,,,,,,,,,,
tietokanta,ohjelmointi,tiedonsiirto,,,,,,,,,,,,,,,,,
ohjelmistokehitys,ohjelmistosuunnittelu ,tietokoneohjelmat,,,,,,,,,,,,,,,,,
react native ,iot,mobiilisovellukset ,ohjelmointikehys ,rajapinta,,,,,,,,,,,,,,,
silmänpohjan nesteinen ikärappeuma,long short-term memory,valvottu kone oppiminen,neuroverkot,,,,,,,,,,,,,,,,
moottoriohjain,enkooderi,askelmoottori,,,,,,,,,,,,,,,,,
rest,ohjelmointirajapinta,automatisoitutesti,spring boot,,,,,,,,,,,,,,,,
verkonvalvonta ,monitorointi ,zabbix ,snmp,,,,,,,,,,,,,,,,
sääilmiöt,ohjelmointi,raspberry pi,python,javascript,,,,,,,,,,,,,,,
käyttäjäkeskeinen suunnittelu,tietojärjestelmä,käyttäjätarina,arkkitehtuuri,käyttökokemus,,,,,,,,,,,,,,,
dokumentointi,tietoverkot,lähiverkot,langattomat lähiverkot,,,,,,,,,,,,,,,,
pistepilvi,laserkeilaus,3d-mallinnus,peliteknologia,,,,,,,,,,,,,,,,
ssh,vps,docker,linux,email,versionhallinta,,,,,,,,,,,,,,
tietoturva,capture the flag,tietoturvahaaste,,,,,,,,,,,,,,,,,
dokumentaatio,palvelin,verkkoympäristö,,,,,,,,,,,,,,,,,
tekstiviesti,push-ilmoitus ,,,,,,,,,,,,,,,,,,
virtuaalinen,lisätty,todellisuus,teknologia ,terveydenhuolto ,tulevaisuus,,,,,,,,,,,,,,
vr,virtuaalitodellisuus,oculus,unity,c#,3d,blender ,pixyz ,cad,,,,,,,,,,,
ise,profilointi,pääsynhallinta,tietoverkot,,,,,,,,,,,,,,,,
wi-fi,internet ,tukiasema ,lämpökartoitus ,wlan ,päivitys,,,,,,,,,,,,,,
pelillistäminen,verkkokauppa,käyttäjäkokemus,,,,,,,,,,,,,,,,,
käytettävyys,käytettävyystestaus,käyttäjäkeskeinen suunnittelu,ohjelmistokehitys,,,,,,,,,,,,,,,,
lämpökartta,ilmanpainemittaus ,lämpösäteily,tuuletus ,elektroniikkasuunnittelu ,lämpösuunnittelu,,,,,,,,,,,,,,
virtuaalitodellisuus,oppiminen ,testaus,,,,,,,,,,,,,,,,,
laserkeilaus,laser skannaus,pistepilvi,pelinkehitys,,,,,,,,,,,,,,,,
nas,linux,ubuntu,samba,,,,,,,,,,,,,,,,
sovelluskehitys,laadunhallinta ,oppiminen ,react native,react navigation,,,,,,,,,,,,,,,
integraatio,ihe,xds,xds.b,xds-i,terveydenhuollon integraatio,integraatio profiili,,,,,,,,,,,,,
it-tuki,servicedesk,helpdesk ,ammattikorkea koulu,byod,,,,,,,,,,,,,,,
pilviteknologia,pilvilaskenta,pilvipalvelut,pilvitallentaminen,pilviympäristö,iaas,saas,paas,amazon,aws,microsoft,azure,,,,,,,,
sovellusohjelmat,sovellus,työsuhde,hallinnointi,järjestelmä,,,,,,,,,,,,,,,
käytettävyystestaus,käytettävyys,sovellus,heuristinen arviointi,,,,,,,,,,,,,,,,
palvelimet,mikrokontrollerit,tieto,tiedonsiirto,,,,,,,,,,,,,,,,
rajapinta,ohjelmointirajapinta,shimmer,matlab,api,,,,,,,,,,,,,,,
ohjelmakirjasto,moduulit,verkko-ohjelmointi,javascript,käytettävyys,asiakaspalvelu,itsepalvelu,,,,,,,,,,,,,
angular,yksikkötestaaminen,testaaminen,,,,,,,,,,,,,,,,,
devops,ci/cd,docker,gitlab runner,,,,,,,,,,,,,,,,
kotiautomaatio,kotiautomaatiojärjestelmä,varoitusjärjestelmä,pikaviestisovellus,iot,zigbee,,,,,,,,,,,,,,
esp32,iot,esineiden internet,blynk,ifttt,etävalvonta,,,,,,,,,,,,,,
ldmos,vahvistimen lämpötilastabilointi,aktiivinen biasointi,biasointi,eiscat,,,,,,,,,,,,,,,
tutkimus,kyselytutkimus,opettajat,covid-19,etäopetus,kokemukset,,,,,,,,,,,,,,
elektromyografia (emg),sensorit,elektrodi,,,,,,,,,,,,,,,,,
lääkevarmennus ,keräilylaite ,ohjelmistokehitys,jsf,java ,mvc,,,,,,,,,,,,,,
opetuspeli,ehkäisevä päihdetyö,pelillistäminen,digitalisointi,,,,,,,,,,,,,,,,
c++,laitteistoriippumaton,qt,android,ios,mobiili,opengl,video,,,,,,,,,,,,
videopelit,mobiilipelit,peliala,,,,,,,,,,,,,,,,,
mern,mongodb,express.js,reactjs,node.js,javascript,,,,,,,,,,,,,,
tietoturva,tietosuoja,ohjelmistokehitys ,verkkohyökkäykset,mobiilisovellukset,,,,,,,,,,,,,,,
virtuaalitodellisuus,vr,terveydenhuolto,terveysteknologia,,,,,,,,,,,,,,,,
graphql,rest,ylihaku,alihaku,,,,,,,,,,,,,,,,
verkko,lähiverkko ,tietotekniikka,kyberturvallisuus,,,,,,,,,,,,,,,,
,,,,,,,,,,,,,,,,,,,
ict-asiantuntija,henkilökohtainen kehitys ,asiakaspalvelu,,,,,,,,,,,,,,,,,
koulutuspeli,opetuspeli,käyttöliittymäsuunnittelu,käytettävyys,käytettävyystestaus,,,,,,,,,,,,,,,
hyötypeli,digitalisaatio,optimointi,pelikehitys ,lokalisointi,,,,,,,,,,,,,,,
etäkäyttö,prosessikuvaus,varmennekortti,,,,,,,,,,,,,,,,,
high availability (ha),windows server 2012 r2,failover clustering ,hyper-v,nic teaming,hyper-v network virtualization,,,,,,,,,,,,,,
robotiikka,sosiaalihuolto ,tekoäly ,tiedonhaku ,vanhustenhuolto,,,,,,,,,,,,,,,
ICT,tietotekniikka,,,,,,,,,,,,,,,,,,
asiakkuudenhallinta,crm -järjestelmä,vaatimusmäärittely,swot -analyysi,,,,,,,,,,,,,,,,
,,,,,,,,,,,,,,,,,,,
vektori muodot ,geojson,leaflet,react,node.js,,,,,,,,,,,,,,,
avoin data,datan visualisointi,datan hyödyntäminen,datan avaaminen,,,,,,,,,,,,,,,,
ios,swift,xcode,apple,core data,mvvm,ipad,,,,,,,,,,,,,
provet cloud,pendo ,customer success,data-analyysi ,django,,,,,,,,,,,,,,,
integraatio,terveydenhuolto,projekti,prosessi,projektijohtaminen,,,,,,,,,,,,,,,
suoratoisto ,musiikki ,tiedonsiirto,enkoodaus ,tekijänoikeudet,,,,,,,,,,,,,,,
igbt ,korkea teho ,puolijohdetestaus ,simulointi,mittalaitteet,,,,,,,,,,,,,,,
qa-testaaja,projektihallinta,ohjelmis,,,,,,,,,,,,,,,,,
palvelin,verkkovalvonta,tietoverkko,service desk,päiväkirja,,,,,,,,,,,,,,,
käytettävyys,saavutettavuus,käyttöliittymäsuunnittelu,,,,,,,,,,,,,,,,,
terveysteknologia,bioradio,rajapinta,imotions ,matlab,,,,,,,,,,,,,,,
animaatio,video editointi,markkinointi,,,,,,,,,,,,,,,,,
apache nifi,vuopohjainen ohjelmointi ,tietojärjestelmä,,,,,,,,,,,,,,,,,
lamp,linux,apache,php,mysql,devops,docker,,,,,,,,,,,,,
havainnointi,lokienhallinta,tietoturva,tietotekniikka,,,,,,,,,,,,,,,,
virtuaalitodellisuus,unity,rakennussuunnittelu ,bim,,,,,,,,,,,,,,,,
iso 27002 ,iso 27799,standardi ,tietoturva,kehittäminen ,ohjeistus,,,,,,,,,,,,,,
anonymisointi,pseydonymisointi,henkilötieto,laadukas data,,,,,,,,,,,,,,,,
service desk,contact center,järjestelmän käyttöönotto,,,,,,,,,,,,,,,,,
älylääkekaappi,häiriönhallinta,terveysteknologia,,,,,,,,,,,,,,,,,
palomuurit,tietoturva,virtualisointi,vikasietoisuus,,,,,,,,,,,,,,,,
konenäkö,robotiikka,ohjelmointi,mittaaminen,,,,,,,,,,,,,,,,
microsoft system center service manager,palvelin,hallinnointi,web-portaali,service desk,,,,,,,,,,,,,,,
tietoturva,uhka,riski,käyttäjän manipulointi,,,,,,,,,,,,,,,,
can-väylä,can-data,testaus,ohjelmointi ,ohjelmistokoodi,bittimaskaus,,,,,,,,,,,,,,
visualisointi,pelimoottori,arkkitehtuuri,peliteknologia,virtuaalitodellisuus,,,,,,,,,,,,,,,
pilveistäminen,digitalisaatio,pilvipalvelu,,,,,,,,,,,,,,,,,
ohjelmakirjasto,moduulit,verkko-ohjelmointi,javascript,käytettävyys,asiakaspalvelu,itsepalvelu,,,,,,,,,,,,,
virtuaalitodellisuus,koulutus,oppiminen,360-videot,,,,,,,,,,,,,,,,
käytettävyys,käytettävyyskysely,käyttäjäkeskeinen suunnittelu,käyttäjäkokemus,,,,,,,,,,,,,,,,
valaisimet,standardit,tuotantotestaus,laivateollisuus,,,,,,,,,,,,,,,,
keilanmuodostus,vaiheohjattu antenniryhmä,antenniryhmä,,,,,,,,,,,,,,,,,
pietsosähkö ,elektroniikka,anturi,paikannus,värähtelyanturi,,,,,,,,,,,,,,,
iota,tangle,anturi data,iot,lohkoketjut,,,,,,,,,,,,,,,
pelillistäminen,verkkokauppa,käyttäjäkokemus,,,,,,,,,,,,,,,,,
tietoliikenneverkko,seutuverkko,kuituoptiikka,valokuitu,,,,,,,,,,,,,,,,
varavirtajärjestelmät,suunnittelu,tasasuuntaajajärjestelmä,akusto,mitoitus,suunnittelutyökalu,,,,,,,,,,,,,,
elastic stack ,elasticsearch ,grafana ,nextgen ,valvonta ,loki-tiedostot,,,,,,,,,,,,,,
esineiden internet,puhekäyttöliittymä,pilvipalvelut,,,,,,,,,,,,,,,,,
ilmoittautumisautomaatti,itseilmoittautuminen,palvelumuotoilu,käytettävyys,käyttöliittymä,asiakastyytyväisyys,,,,,,,,,,,,,,
javascript,react native ,grafiikkakirjasto,,,,,,,,,,,,,,,,,
grpc ,mifare,pc/sc,apdu,nodejs,,,,,,,,,,,,,,,
resurssisuunnittelu ,kuormamäärä ,käyttöliittymä,palvelin,tietokanta ,verkkosovellus ,henkilö resursointi,,,,,,,,,,,,,
usability,survey research,information system,user experience,,,,,,,,,,,,,,,,
automaatiotestaus,ohjelmistotestaus,rajapinta,python,django,,,,,,,,,,,,,,,
asiakasrekisteri,projektinhallinta,www-ohjelmointi,projektipäällikkö,projektijohtaminen,,,,,,,,,,,,,,,
sound,sound pressure,sound pressure level ,sound level meter ,drone ,noise measuring,,,,,,,,,,,,,,
etävalvonta,prototyyppi,rest,api,esp32 ,iot,,,,,,,,,,,,,,
ilmoittautumisautomaatti,itseilmoittautuminen,palvelumuotoilu,käytettävyys,käyttöliittymä,asiakastyytyväisyys,,,,,,,,,,,,,,
tietoturva ,kyberuhka ,uhkatieto ,tietoturvavalvonta,,,,,,,,,,,,,,,,
ros,reunalaskenta ,etl,python,bash ,lidar,,,,,,,,,,,,,,
elektroniikkateollisuus,kehitysalustat,järjestelmäsuunnittelu,ohjelmistokehitys,sovelluskehykset,,,,,,,,,,,,,,,
jatkuva integraatio,jenkins ,webkehitys ,mobiilisovelluskehitys,,,,,,,,,,,,,,,,
käyttöönotto ,koulutus,ohjelmisto,kirjausalusta,,,,,,,,,,,,,,,,
zero trust,etäkäyttö,etätyö,tietoturva,tietoliikenne,,,,,,,,,,,,,,,
sd-wan,ohjelmisto-ohjattu laajaverkko,laajaverkko,yritysverkko,,,,,,,,,,,,,,,,
laadunvalvonta,telekeskeinen optiikka,viivakamera,,,,,,,,,,,,,,,,,
cybersecurity,simulation,malware,mimikatz,arduino,,,,,,,,,,,,,,,
vaatimusmäärittely,määrittelyprosessi,ketterät menetelmät,vesiputous malli,,,,,,,,,,,,,,,,
kyber hyökkäys ,tietoturva,haittaohjelma,virustorjuntaohjelma,yara,forensiikka,,,,,,,,,,,,,,
mainosten esto,raspberry pi,linux,dns,,,,,,,,,,,,,,,,
hyvinvointiteknologia,sykemittarit ,sensorit,,,,,,,,,,,,,,,,,
kenttäväylä,modbus,automaatio,,,,,,,,,,,,,,,,,
mobiilipeli,pelikehitys,buildbox,,,,,,,,,,,,,,,,,
,,,,,,,,,,,,,,,,,,,
dialogi ,koulutuspeli,opetuspeli ,pelillistäminen,pisteytys,,,,,,,,,,,,,,,
konenäkö,tekoäly,psykiatrinen,sovellettavuus,soveltuvuus,,,,,,,,,,,,,,,
sisäilma,työhyvinvointi,työtehokkuus,mittalaitteet,,,,,,,,,,,,,,,,
autentikointi,tietosuoja-asetus,henkilötieto,big data ,ohjelmistorajapinta,,,,,,,,,,,,,,,
react,web components,javascript,,,,,,,,,,,,,,,,,
javascript,react,java ,agile,ohjelmistotuotanto,projektinhallinta,,,,,,,,,,,,,,
integraatio,rest,ohjelmointirajapinta,caché objectscript,intersystems,tiedonsiirto,,,,,,,,,,,,,,
verkkosegmentointi ,aruba clearpass,vlan,network access control ,klusteri,,,,,,,,,,,,,,,
python,data,muuntaja,json,health tech lab,tiedosto,muoto,,,,,,,,,,,,,
elektrokardiografia (ekg),ekg-käyrä,elektrodi,sydän,sydämen sähköinen toiminta,,,,,,,,,,,,,,,
identiteetinhallinta,pääsynhallinta,todennus ,valtuutus,sähköinen i dentiteetti,,,,,,,,,,,,,,,
github,ci-putki ,proof of concept ,actions,,,,,,,,,,,,,,,,
käytettävyystestaus,helppokäyttöisyys,mobiilisovellus,mobiilipelit ,opetuspeli,maahanmuuttajat,,,,,,,,,,,,,,
dsp,fpga,matlab,simulink,vhdl,,,,,,,,,,,,,,,
riskienhallinta,vika- ja vaikutus analyysi,tuotekehitys ,luotettavuussuunnittelu ,vikapuuanalyysi,,,,,,,,,,,,,,,
web-ohjelmointirajapinnan kehittäminen,suunnittelutiede,verkkosovellukset,mikropalveluarkkitehtuuri,,,,,,,,,,,,,,,,
fotogrammetria,3d-malli,drone,pistepilvi,,,,,,,,,,,,,,,,
tietokannat,käyttäjäkeskeisyys ,ohjelmistokehitys,microsoft office access,,,,,,,,,,,,,,,,
testiautomaatio,tietokoneohjelmat,rajapinta,api,soapui,tortoisesvn ,jenkins,,,,,,,,,,,,,
esp32,c++,arduino ide,iot,,,,,,,,,,,,,,,,
virtuaalitodellisuus,htc vive,turvakoulutus ,unity,,,,,,,,,,,,,,,,
lääketieteellinen tekniikka,proteesit,ohjelmointi,terveysteknologia,,,,,,,,,,,,,,,,
iot,suunnittelu,älytalot,älytekniikka,järjestelmänsuunnittelu,,,,,,,,,,,,,,,
pilvipalvelu,tietoturva,microsoft aure,amazon web services,google cloud platform,,,,,,,,,,,,,,,
verkkokyselyalusta,kaavio,kuvaaja,,,,,,,,,,,,,,,,,
virtuaalitodellisuus,ohjelmointi,unity,c#,javascript,,,,,,,,,,,,,,,
pilvipelaaminen,pilvipalvelut,pilvipohjaiset suoratoistopalvelut,internetoperaattori,,,,,,,,,,,,,,,,
n-abc-x-analyysi,web-sovellus,varastonhallinta,,,,,,,,,,,,,,,,,
identiteettihallinta,tietotekniikka,käyttäjienhallinta,pääsynhallinta,,,,,,,,,,,,,,,,
konesali ,reittitaulu,reunareitin ,runkoverkko,,,,,,,,,,,,,,,,
sovelluskehitys ,sulautettu ,järjestelmä,kehitystyökalu,ohjelmointi,,,,,,,,,,,,,,,
led-moduuli,tuotannontestaus,elektroniikkasuunnittelu,piirilevy,mikrokontrolleri,,,,,,,,,,,,,,,
virtuaalitodellisuus,ohjelmointi,unity,c#,javascript,,,,,,,,,,,,,,,
n-abc-x-analyysi,web-sovellus,varastonhallinta,,,,,,,,,,,,,,,,,
modulaarisuus,dokumentointi,mobiilisovellukset,,,,,,,,,,,,,,,,,
tietoverkot,internetliittymä,mobiili-internet,,,,,,,,,,,,,,,,,
,,,,,,,,,,,,,,,,,,,
amr-verkko,vedenmittaus,kustannustehokkuus,vesimittarilukemat,kulutustiedot,,,,,,,,,,,,,,,
eksoskeleton,käytettävyys,vaikuttavuus,,,,,,,,,,,,,,,,,
kehittäjäportaali,spotify backstage,azure,github,ohjelmistokehitys,,,,,,,,,,,,,,,
cisco esa,sähköposti,tietoturva,,,,,,,,,,,,,,,,,
djangopython,tietoturva,api,,,,,,,,,,,,,,,,,
anonymisointi ,node,express,postgresql,sequelize,typescript ,rest,,,,,,,,,,,,,
python,graafinen käyttöliittymä,json,radiotekniikka,testiautomaatio,,,,,,,,,,,,,,,
